[Header],,,,,,,,,
IEMFileVersion,4,,,,,,,,
Investigator Name,Ryan Fuchs,,,,,,,,
Experiment Name,CZ_Aug_30_2021,,,,,,,,
Date,7/16/2021,,,,,,,,
Workflow,GenerateFASTQ,,,,,,,,
Application,FASTQ Only,,,,,,,,
Assay,TruSeq HT,,,,,,,,
Description,,,,,,,,,
Chemistry,Amplicon,,,,,,,,
,,,,,,,,,
[Reads],,,,,,,,,
150,,,,,,,,,
150,,,,,,,,,
[Settings],,,,,,,,,
,,,,,,,,,
[Data],,,,,,,,,
Sample_ID,Sample_Name,Sample_Plate,Sample_Well,I7_Index_ID,index,I5_Index_ID,index2,Sample_Project,Description
Seq1_T1_CZ_Run3,,,CX_A1,S762,TTACCGAC,S512,CGTATTCG,,fuchs@neb.com
Seq1_T2_CZ_Run3,,,CX_B1,S713,TCGTCTGA,S586,TCAAGGAC,,fuchs@neb.com
Seq1_T3_CZ_Run3,,,CX_C1,S736,TTCCAGGT,S543,AAGCACTG,,fuchs@neb.com
Seq1_T4_CZ_Run3,,,CX_D1,S709,TACGGTCT,S575,GCAATGGA,,fuchs@neb.com
Seq1_T5_CZ_Run3,,,CX_E1,S732,AAGACCGT,S550,CAATCGAC,,fuchs@neb.com
Seq1_T6_CZ_Run3,,,CX_F1,S774,CAGGTTCA,S506,GGCGTTAT,,fuchs@neb.com
Seq1_T7_CZ_Run3,,,CX_G1,S747,TAGGAGCT,S524,GTTAAGGC,,fuchs@neb.com
Seq1_T8_CZ_Run3,,,CX_H1,S794,TACTCCAG,S590,CCTATACC,,fuchs@neb.com
Seq1_T9_CZ_Run3,,,CX_A2,S729,AGTGACCT,S591,CTCCTAGA,,fuchs@neb.com
Seq1_T10_CZ_Run3,,,CX_B2,S777,AGCCTATC,S526,GTTACGCA,,fuchs@neb.com
Seq1_T11_CZ_Run3,,,CX_C2,S772,TCATCTCC,S567,CTAGCAAG,,fuchs@neb.com
Seq1_T12_CZ_Run3,,,CX_D2,S725,CCAGTATC,S538,ATCTCGCT,,fuchs@neb.com
Seq1_T13_CZ_Run3,,,CX_E2,S755,TTGCGAGA,S566,GTGCCATA,,fuchs@neb.com
Seq1_T14_CZ_Run3,,,CX_F2,S760,GAACGAAG,S511,GGTGATTC,,fuchs@neb.com
Seq1_T15_CZ_Run3,,,CX_G2,S716,CGAATTGC,S559,CACCTTAC,,fuchs@neb.com
Seq2_T1_CZ_Run3,,,CX_H2,S708,GGAAGAGA,S521,TTCTCTCG,,fuchs@neb.com
Seq2_T2_CZ_Run3,,,CX_A3,S702,TCGGATTC,S523,TAGTTGCG,,fuchs@neb.com
Seq2_T3_CZ_Run3,,,CX_B3,S796,CTGTACCA,S507,AGTCTGTG,,fuchs@neb.com
Seq2_T4_CZ_Run3,,,CX_C3,S757,GAGAGTAC,S545,TGCTTCCA,,fuchs@neb.com
Seq2_T5_CZ_Run3,,,CX_D3,S783,TCTACGCA,S546,GGCTATTG,,fuchs@neb.com
Seq2_T6_CZ_Run3,,,CX_E3,S722,GCAATTCC,S578,TGTTCGAG,,fuchs@neb.com
Seq2_T7_CZ_Run3,,,CX_F3,S710,CTCAGAAG,S581,AACTTGCC,,fuchs@neb.com
Seq2_T8_CZ_Run3,,,CX_G3,S770,GTCCTAAG,S540,TGGTAGCT,,fuchs@neb.com
Seq2_T9_CZ_Run3,,,CX_H3,S734,GCGTTAGA,S592,GTATGCTG,,fuchs@neb.com
Seq2_T10_CZ_Run3,,,CX_A4,S763,CAAGGTAC,S505,GAGATACG,,fuchs@neb.com
Seq2_T11_CZ_Run3,,,CX_B4,S797,AGACCTTG,S501,GCACGTAA,,fuchs@neb.com
Seq2_T12_CZ_Run3,,,CX_C4,S735,GTCGTTAC,S554,GCTTAGCT,,fuchs@neb.com
Seq2_T13_CZ_Run3,,,CX_D4,S727,GTAACCGA,S598,GGTGTCTT,,fuchs@neb.com
Seq2_T14_CZ_Run3,,,CX_E4,S742,GAATCCGT,S551,TGGAGTTG,,fuchs@neb.com
Seq2_T15_CZ_Run3,,,CX_F4,S795,CATGAGCA,S517,GCAAGATC,,fuchs@neb.com
Hmi_T1_CZ_Run3,,,CX_G4,S749,CTTAGGAC,S565,CAGTGAAG,,fuchs@neb.com
Hmi_T2_CZ_Run3,,,CX_H4,S773,ATCTGACC,S593,AAGTCGAG,,fuchs@neb.com
Hmi_T3_CZ_Run3,,,CX_A5,S769,TCCTCATG,S519,AGGTGTAC,,fuchs@neb.com
Hmi_T4_CZ_Run3,,,CX_B5,S752,AGGATAGC,S544,AACCTTGG,,fuchs@neb.com
Hmi_T5_CZ_Run3,,,CX_C5,S704,GGAGGAAT,S585,AACCGTTC,,fuchs@neb.com
Hmi_T6_CZ_Run3,,,CX_D5,S715,GACGTCAT,S518,TCAACTGG,,fuchs@neb.com
Hmi_T7_CZ_Run3,,,CX_E5,S753,CCGCTTAA,S548,ACGATGAC,,fuchs@neb.com
Hmi_T8_CZ_Run3,,,CX_F5,S758,GACGAACT,S568,TCGCATTG,,fuchs@neb.com
Hmi_T9_CZ_Run3,,,CX_G5,S784,TCCACGTT,S541,GTTCAACC,,fuchs@neb.com
Hmi_T10_CZ_Run3,,,CX_H5,S714,AACCAGAG,S520,AACCGAAG,,fuchs@neb.com
Hmi_T11_CZ_Run3,,,CX_A6,S771,GTCAGTCA,S531,TAATGCCG,,fuchs@neb.com
Hmi_T12_CZ_Run3,,,CX_B6,S779,CCTTCCAT,S589,ATTGCGTG,,fuchs@neb.com
Hmi_T13_CZ_Run3,,,CX_C6,S788,AGGAACAC,S587,GACATTCC,,fuchs@neb.com
Hmi_T14_CZ_Run3,,,CX_D6,S739,CTTACAGC,S503,CTTCACCA,,fuchs@neb.com
Hmi_T15_CZ_Run3,,,CX_E6,S737,TACCTGCA,S576,TGATGTCC,,fuchs@neb.com
Met5_T3_CZ_Run3,,,CX_F6,S728,AGACGCTA,S582,TGTACACC,,fuchs@neb.com
Met5_T4_CZ_Run3,,,CX_G6,S780,CAACACAG,S530,TGGCTATC,,fuchs@neb.com
Met5_T5_CZ_Run3,,,CX_H6,S761,GTACCACA,S533,TGTTGTGG,,fuchs@neb.com
Met5_T6_CZ_Run3,,,CX_A7,S712,CGAATACG,S562,GTCGGTAA,,fuchs@neb.com
Met5_T7_CZ_Run3,,,CX_B7,S786,GTCCTTGA,S513,TCAGACGA,,fuchs@neb.com
Met5_T8_CZ_Run3,,,CX_C7,S743,CAGTGCTT,S536,ACCTGGAA,,fuchs@neb.com
Met5_T9_CZ_Run3,,,CX_D7,S775,TCCATTGC,S509,AGACCGTA,,fuchs@neb.com
Met5_T11_CZ_Run3,,,CX_E7,S750,GTCGATTG,S532,ACGGTCTT,,fuchs@neb.com
Met5_T12_CZ_Run3,,,CX_F7,S706,ATAACGCC,S574,TGAACCTG,,fuchs@neb.com
Met5_T13_CZ_Run3,,,CX_G7,S724,GCCTTAAC,S547,AGCTCCTA,,fuchs@neb.com
Met5_T14_CZ_Run3,,,CX_H7,S790,GGTATAGG,S594,CTGGAGTA,,fuchs@neb.com
Met5_T15_CZ_Run3,,,CX_A8,S791,TCTAGGAG,S529,AGGTCACT,,fuchs@neb.com
Met5_Sat110_Run3,,,CX_B8,S726,TGCGTAAC,S577,GATAGGCT,,fuchs@neb.com
Met5_Sat111_Run3,,,CX_C8,S767,CTTGCTAG,S572,GGAGATGA,,fuchs@neb.com
Met5_Sat112_Run3,,,CX_D8,S738,AGCGAGAT,S525,GATACTGG,,fuchs@neb.com
Spy_T1_CZ_Run3,,,CX_E8,S766,TATGGCAC,S555,TCTCGCAA,,fuchs@neb.com
Spy_T2_CZ_Run3,,,CX_F8,S711,GAATCACC,S560,CTTCGTTC,,fuchs@neb.com
Spy_T3_CZ_Run3,,,CX_G8,S759,GTAAGGTG,S516,GCAATTCG,,fuchs@neb.com
Spy_T4_CZ_Run3,,,CX_H8,S721,CGAGAGAA,S508,TCTCTTCC,,fuchs@neb.com
Spy_T5_CZ_Run3,,,CX_A9,S723,CGCAACTA,S502,GAATCCGA,,fuchs@neb.com
Spy_T6_CZ_Run3,,,CX_B9,S707,CACAGACT,S596,TGGTACAG,,fuchs@neb.com
Spy_T7_CZ_Run3,,,CX_C9,S745,TGGAAGCA,S557,GTACTCTC,,fuchs@neb.com
Spy_T8_CZ_Run3,,,CX_D9,S746,CAATAGCC,S583,TGCGTAGA,,fuchs@neb.com
Spy_T9_CZ_Run3,,,CX_E9,S778,CTCGAACA,S522,GGAATTGC,,fuchs@neb.com
Spy_T10_CZ_Run3,,,CX_F9,S781,GGCAAGTT,S510,CTTCTGAG,,fuchs@neb.com
Spy_T11_CZ_Run3,,,CX_G9,S740,AGCTACCA,S570,CTTAGGAC,,fuchs@neb.com
Spy_T12_CZ_Run3,,,CX_H9,S792,CAGCATAC,S534,TCTAACGC,,fuchs@neb.com
Spy_T13_CZ_Run3,,,CX_A10,S705,CGTATCTC,S563,GTACCTTG,,fuchs@neb.com
Spy_T14_CZ_Run3,,,CX_B10,S701,TTACGTGC,S597,CAAGGTCT,,fuchs@neb.com
Spy_T15_CZ_Run3,,,CX_C10,S754,AGCTAAGC,S535,GTAACGAC,,fuchs@neb.com
FSM5_T3_CZ_Run3,,,CX_D10,S798,AAGACACC,S527,TCGGTTAC,,fuchs@neb.com
FSM5_T4_CZ_Run3,,,CX_E10,S751,CAACTCCA,S542,ACGGATTC,,fuchs@neb.com
FSM5_T5_CZ_Run3,,,CX_F10,S717,GATCTTGC,S595,TGCTCATG,,fuchs@neb.com
FSM5_T6_CZ_Run3,,,CX_G10,S765,CTTCACTG,S549,GTCCTAAG,,fuchs@neb.com
FSM5_T7_CZ_Run3,,,CX_H10,S793,CTCGACTT,S573,GGTCAGAT,,fuchs@neb.com
FSM5_T8_CZ_Run3,,,CX_A11,S719,GTACACCT,S569,CATGAGGA,,fuchs@neb.com
FSM5_T9_CZ_Run3,,,CX_B11,S744,CCAAGGTT,S552,GCTATCCT,,fuchs@neb.com
FSM5_T11_CZ_Run3,,,CX_C11,S785,GAACGGTT,S504,ATTCCTCC,,fuchs@neb.com
FSM5_T12_CZ_Run3,,,CX_D11,S718,CCAGTTGA,S515,ATGACGTC,,fuchs@neb.com
FSM5_T13_CZ_Run3,,,CX_E11,S748,GTCATCGT,S553,TTAAGCGG,,fuchs@neb.com
FSM5_T14_CZ_Run3,,,CX_F11,S768,CAATGCGA,S558,AGTTCGTC,,fuchs@neb.com
FSM5_T15_CZ_Run3,,,CX_G11,S741,GGTTGAAC,S584,AACGTGGA,,fuchs@neb.com
FSM5_Sat110_Run3,,,CX_H11,S720,CTTCGGTT,S514,CTCTGGTT,,fuchs@neb.com
FSM5_Sat111_Run3,,,CX_A12,S731,CGGCATTA,S571,TGACTGAC,,fuchs@neb.com
FSM5_Sat112_Run3,,,CX_B12,S789,CACGCAAT,S579,ATGGAAGG,,fuchs@neb.com
FSM5_Sat3_X1,,,CX_C12,S787,GGAATGTC,S588,GTGTTCCT,,fuchs@neb.com
FSM5_Sat4_X1,,,CX_D12,S703,TGGTGAAG,S539,GCTGTAAG,,fuchs@neb.com
FSM5_Sat104_X1,,,CX_E12,S776,GGACATCA,S537,TGCAGGTA,,fuchs@neb.com
Seq2_T13_CZ_X1,,,CX_F12,S782,GGTGTACA,S528,TAGCGTCT,,fuchs@neb.com
Met5_Sat3_X1,,,CX_G12,S730,GATAGCCA,S580,CTGTGTTG,,fuchs@neb.com
Met5_Sat109_X1,,,CX_H12,S733,CCACAACA,S561,TGTGGTAC,,fuchs@neb.com
Spy_5locV_v2,,,X_A1,7-313,GCAATGGG,5-361,CTTGTACT,,fuchs@neb.com
Spy_T9_CZ_X1,,,X_B1,7-314,CTGGACAC,5-362,TCACAGTA,,fuchs@neb.com
Hmi_5locV_v2,,,X_C1,7-315,AAGTATGC,5-363,AATTCCGG,,fuchs@neb.com
Hmi_T1_CZ_X1,,,X_D1,7-316,TCCGATGG,5-364,CCGAGCGA,,fuchs@neb.com
Hmi_Sat29_X1,,,X_E1,7-317,GACAACGG,5-365,TCCGCACT,,fuchs@neb.com
Seq1_5locV_v2,,,X_F1,7-318,TAGCTTTA,5-366,TGTGAAGC,,fuchs@neb.com
Seq1_T4_CZ_X1,,,X_G1,7-319,AAACAGTC,5-367,ACGATCGG,,fuchs@neb.com
Seq1_T15_CZ_X1,,,X_H1,7-320,ACCTCACT,5-368,GCTTACGG,,fuchs@neb.com
Seq2_5locV_v2,,,X_A2,7-321,GACATTAA,5-369,ATCCAACT,,fuchs@neb.com
Seq2_T5_CZ_X1,,,X_B2,7-322,ATGTACGT,5-370,GCGTGTTA,,fuchs@neb.com
Seq2_T6_CZ_X1,,,X_C2,7-323,ATGACAAA,5-371,GTGAGTCT,,fuchs@neb.com
Seq1_T1_CZ_Run2,,,C_A1,P7126,CACTGTAG,P5134,AGTCGCTT,,fuchs@neb.com
Seq1_T2_CZ_Run2,,,C_B1,P7148,GTGCACGA,P5136,GCCTATCA,,fuchs@neb.com
Seq1_T3_CZ_Run2,,,C_C1,P7133,ATGTTCCT,P5107,GGCGCTGA,,fuchs@neb.com
Seq1_T4_CZ_Run2,,,C_D1,P7141,CATTATGG,P5108,ATGTGACT,,fuchs@neb.com
Seq1_T5_CZ_Run2,,,C_E1,P7142,TCTTGTTT,P5109,GTGAAAGG,,fuchs@neb.com
Seq1_T6_CZ_Run2,,,C_F1,P7143,GGCTTACT,P5111,AGGGAAAG,,fuchs@neb.com
Seq1_T7_CZ_Run2,,,C_G1,P7146,ACGATATG,P5117,GAATTGTC,,fuchs@neb.com
Seq1_T8_CZ_Run2,,,C_H1,P7152,ATCCGCAG,P5119,AGTCGTGT,,fuchs@neb.com
Seq1_T9_CZ_Run2,,,C_A2,P7134,AAGCGACT,P5135,GGATTCGT,,fuchs@neb.com
Seq1_T10_CZ_Run2,,,C_B2,P7136,TGATAGGC,P5170,ACTCAGAC,,fuchs@neb.com
Seq1_T11_CZ_Run2,,,C_C2,P7153,AACACCAC,P5122,CTCACACC,,fuchs@neb.com
Seq1_T12_CZ_Run2,,,C_D2,P7154,ACCTCTTC,P5124,TATGCAAG,,fuchs@neb.com
Seq1_T13_CZ_Run2,,,C_E2,P7155,GTCCGATC,P5125,GGATTGGC,,fuchs@neb.com
Seq1_T14_CZ_Run2,,,C_F2,P7157,GAGGACCA,P5129,ACCGGCAT,,fuchs@neb.com
Seq1_T15_CZ_Run2,,,C_G2,P7158,CGCTCTTA,P5137,ACGGTATG,,fuchs@neb.com
Seq2_T1_CZ_Run2,,,C_H2,P7159,CTGAGCTC,P5138,GCTCTGAT,,fuchs@neb.com
Seq2_T2_CZ_Run2,,,C_A3,P7135,ACGAATCC,P5127,TGGGTAAT,,fuchs@neb.com
Seq2_T3_CZ_Run2,,,C_B3,P7170,GTCTGAGT,P5169,CACAAGTC,,fuchs@neb.com
Seq2_T4_CZ_Run2,,,C_C3,P7160,CCTAAACT,P5139,CTCCTCGT,,fuchs@neb.com
Seq2_T5_CZ_Run2,,,C_D3,P7162,TGTCACAC,P5140,CGAGATTA,,fuchs@neb.com
Seq2_T6_CZ_Run2,,,C_E3,P7165,GATATGAA,P5144,CTGCCGTA,,fuchs@neb.com
Seq2_T7_CZ_Run2,,,C_F3,P7166,AAGTGTGG,P5145,GATGGGCA,,fuchs@neb.com
Seq2_T8_CZ_Run2,,,C_G3,P7174,GTTGGCGT,P5147,GACTGCTG,,fuchs@neb.com
Seq2_T9_CZ_Run2,,,C_H3,P7176,TAGCTGGC,P5149,AGCCGGTA,,fuchs@neb.com
Seq2_T10_CZ_Run2,,,C_A4,P7127,ATTACCCA,P5126,CTACAGTG,,fuchs@neb.com
Seq2_T11_CZ_Run2,,,C_B4,P7169,GACTTGTG,P5148,TCGTGCAC,,fuchs@neb.com
Seq2_T12_CZ_Run2,,,C_C4,P7177,CAGGTAAG,P5150,ATTTCGAG,,fuchs@neb.com
Seq2_T13_CZ_Run2,,,C_D4,P7181,AAGGAGAC,P5151,GTTGTGAG,,fuchs@neb.com
Seq2_T14_CZ_Run2,,,C_E4,P7182,AGTCAGGT,P5156,GTGGTTAC,,fuchs@neb.com
Seq2_T15_CZ_Run2,,,C_F4,P7184,ACCGTAAG,P5161,TGGATATG,,fuchs@neb.com
Hmi_T1_CZ_Run2,,,C_G4,P7185,TATGACGT,P5163,GATTAGCG,,fuchs@neb.com
Hmi_T2_CZ_Run2,,,C_H4,P7186,TTGGGTAC,P5164,GTTGGAAG,,fuchs@neb.com
Hmi_T3_CZ_Run2,,,C_A5,P7101,TTCAATAG,P5115,TCGTGGGA,,fuchs@neb.com
Hmi_T4_CZ_Run2,,,C_B5,P7116,GTTTGCTC,P5132,CTGTTGGT,,fuchs@neb.com
Hmi_T5_CZ_Run2,,,C_C5,P7187,AGAAGCCT,P5167,ATACTGAC,,fuchs@neb.com
Hmi_T6_CZ_Run2,,,C_D5,P7188,CTAGGTTG,P5168,GCTCGAAT,,fuchs@neb.com
Hmi_T7_CZ_Run2,,,C_E5,P7190,TGTGTCAG,P5171,TACAGGTG,,fuchs@neb.com
Hmi_T8_CZ_Run2,,,C_F5,P7191,AGAACCAG,P5172,AGAGTCGG,,fuchs@neb.com
Hmi_T9_CZ_Run2,,,C_G5,P7192,ATTGGACA,P5173,TCCAGCAA,,fuchs@neb.com
Hmi_T10_CZ_Run2,,,C_H5,P7385,ACCCGTTG,P5175,CGAAGCTG,,fuchs@neb.com
Hmi_T11_CZ_Run2,,,C_A6,P7105,ACCGGAGT,P5114,CCTTCCTT,,fuchs@neb.com
Hmi_T12_CZ_Run2,,,C_B6,P7118,CTTGACGA,P5131,TTGTGTGC,,fuchs@neb.com
Hmi_T13_CZ_Run2,,,C_C6,P7998,GCCACGAC,P5178,ACCCGAGG,,fuchs@neb.com
Hmi_T14_CZ_Run2,,,C_D6,P7099,TCTGGAAC,P5179,AGGTGCTA,,fuchs@neb.com
Hmi_T15_CZ_Run2,,,C_E6,P7100,CACTAGAC,P5180,AGTCCTCA,,fuchs@neb.com
Met5_T3_CZ_Run2,,,C_F6,P7102,TTGCGTTA,P5183,TTCGGGAA,,fuchs@neb.com
Met5_T4_CZ_Run2,,,C_G6,P7103,CCTATGCA,P5189,ATCGACTC,,fuchs@neb.com
Met5_T5_CZ_Run2,,,C_H6,P7104,CAACCGAG,P5997,CACAGGTA,,fuchs@neb.com
Met5_T6_CZ_Run2,,,C_A7,P7106,TGTTCGCC,P5113,TCCTACCT,,fuchs@neb.com
Met5_T7_CZ_Run2,,,C_B7,P7121,ACAAGGCA,P5130,TTGCGCGA,,fuchs@neb.com
Met5_T8_CZ_Run2,,,C_C7,P7107,TCAGCGCC,P5133,AGGAACAT,,fuchs@neb.com
Met5_T9_CZ_Run2,,,C_D7,P7108,AGTCACAT,P5141,CCATAATG,,fuchs@neb.com
Met5_T11_CZ_Run2,,,C_E7,P7109,CCTTTCAC,P5142,AAACAAGA,,fuchs@neb.com
Met5_T12_CZ_Run2,,,C_F7,P7111,CTTTCCCT,P5143,AGTAAGCC,,fuchs@neb.com
Met5_T13_CZ_Run2,,,C_G7,P7117,GACAATTC,P5146,CATATCGT,,fuchs@neb.com
Met5_T14_CZ_Run2,,,C_H7,P7119,ACACGACT,P5152,CTGCGGAT,,fuchs@neb.com
Met5_T15_CZ_Run2,,,C_A8,P7110,CCTGTCAA,P5112,ACAGCCAT,,fuchs@neb.com
Met5_Sat110_Run2,,,C_B8,P7123,CCATCCGC,P5128,TACGCCTT,,fuchs@neb.com
Met5_Sat111_Run2,,,C_C8,P7122,GGTGTGAG,P5153,GTGGTGTT,,fuchs@neb.com
Met5_Sat112_Run2,,,C_D8,P7124,CTTGCATA,P5154,GAAGAGGT,,fuchs@neb.com
Spy_T1_CZ_Run2,,,C_E8,P7125,GCCAATCC,P5155,GATCGGAC,,fuchs@neb.com
Spy_T2_CZ_Run2,,,C_F8,P7129,ATGCCGGT,P5157,TGGTCCTC,,fuchs@neb.com
Spy_T3_CZ_Run2,,,C_G8,P7137,CATACCGT,P5158,TAAGAGCG,,fuchs@neb.com
Spy_T4_CZ_Run2,,,C_H8,P7138,ATCAGAGC,P5159,GAGCTCAG,,fuchs@neb.com
Spy_T5_CZ_Run2,,,C_A9,P7112,ATGGCTGT,P5110,TTGACAGG,,fuchs@neb.com
Spy_T6_CZ_Run2,,,C_B9,P7128,AAGGCGTA,P5123,GCGGATGG,,fuchs@neb.com
Spy_T7_CZ_Run2,,,C_C9,P7139,ACGAGGAG,P5160,AGTTTAGG,,fuchs@neb.com
Spy_T8_CZ_Run2,,,C_D9,P7140,TAATCTCG,P5162,GTGTGACA,,fuchs@neb.com
Spy_T9_CZ_Run2,,,C_E9,P7144,TACGGCAG,P5165,TTCATATC,,fuchs@neb.com
Spy_T10_CZ_Run2,,,C_F9,P7145,TGCCCATC,P5166,CCACACTT,,fuchs@neb.com
Spy_T11_CZ_Run2,,,C_G9,P7147,CAGCAGTC,P5174,ACGCCAAC,,fuchs@neb.com
Spy_T12_CZ_Run2,,,C_H9,P7149,TACCGGCT,P5176,GCCAGCTA,,fuchs@neb.com
Spy_T13_CZ_Run2,,,C_A10,P7113,AGGTAGGA,P5106,GGCGAACA,,fuchs@neb.com
Spy_T14_CZ_Run2,,,C_B10,P7130,TCGCGCAA,P5121,TGCCTTGT,,fuchs@neb.com
Spy_T15_CZ_Run2,,,C_C10,P7150,CTCGAAAT,P5177,CTTACCTG,,fuchs@neb.com
FSM5_T3_CZ_Run2,,,C_D10,P7151,CTCACAAC,P5181,GTCTCCTT,,fuchs@neb.com
FSM5_T4_CZ_Run2,,,C_E10,P7156,GTAACCAC,P5182,ACCTGACT,,fuchs@neb.com
FSM5_T5_CZ_Run2,,,C_F10,P7161,CATATCCA,P5184,CTTACGGT,,fuchs@neb.com
FSM5_T6_CZ_Run2,,,C_G10,P7163,CGCTAATC,P5185,ACGTCATA,,fuchs@neb.com
FSM5_T7_CZ_Run2,,,C_H10,P7164,CTTCCAAC,P5186,GTACCCAA,,fuchs@neb.com
FSM5_T8_CZ_Run2,,,C_A11,P7114,AAGGAAGG,P5105,ACTCCGGT,,fuchs@neb.com
FSM5_T9_CZ_Run2,,,C_B11,P7131,GCACACAA,P5118,TCGTCAAG,,fuchs@neb.com
FSM5_T11_CZ_Run2,,,C_C11,P7167,GTCAGTAT,P5187,AGGCTTCT,,fuchs@neb.com
FSM5_T12_CZ_Run2,,,C_D11,P7168,ATTCGAGC,P5188,CAACCTAG,,fuchs@neb.com
FSM5_T13_CZ_Run2,,,C_E11,P7171,CACCTGTA,P5190,CTGACACA,,fuchs@neb.com
FSM5_T14_CZ_Run2,,,C_F11,P7172,CCGACTCT,P5191,CTGGTTCT,,fuchs@neb.com
FSM5_T15_CZ_Run2,,,C_G11,P7173,TTGCTGGA,P5192,TGTCCAAT,,fuchs@neb.com
FSM5_Sat110_Run2,,,C_H11,P7175,CAGCTTCG,P5385,CAACGGGT,,fuchs@neb.com
FSM5_Sat111_Run2,,,C_A12,P7115,TCCCACGA,P5101,CTATTGAA,,fuchs@neb.com
FSM5_Sat112_Run2,,,C_B12,P7132,ACCAACAG,P5116,GAGCAAAC,,fuchs@neb.com
Met5_MM222_T1_5to1,,,A5_cPAM,7-329,AAAGATCG,5-377,AAGGCAAC,,fuchs@neb.com
Met5_MM222_T1_1to1,,,B5_cPAM,7-330,GTGAGCTA,5-378,TTCATTGG,,fuchs@neb.com
Met5_MM242_T1_5to1,,,C5_cPAM,7-331,AACGCGGG,5-379,CAACTGAT,,fuchs@neb.com
Met5_MM242_T1_1to1,,,D5_cPAM,7-332,CTTGTGCT,5-380,GTGTATGT,,fuchs@neb.com
Met5_MM222_T5_5to1,,,E5_cPAM,7-333,GCTTACCC,5-381,ATATGGAG,,fuchs@neb.com
Met5_MM222_T5_1to1,,,F5_cPAM,7-334,AGTAAACA,5-382,ACTTAAGC,,fuchs@neb.com
Met5_MM242_T5_5to1,,,G5_cPAM,7-335,CGATGTAA,5-383,ATACGTGT,,fuchs@neb.com
Met5_MM242_T5_1to1,,,H5_cPAM,7-336,CCTAGTCG,5-384,ACTTCTTG,,fuchs@neb.com
FSM5_MM243_T1_5to1,,,A6_cPAM,7-337,AGTAGTAA,5-386,TACTGATA,,fuchs@neb.com
FSM5_MM243_T1_1to1,,,B6_cPAM,7-338,TACTAAGG,5-387,CTGACTCG,,fuchs@neb.com
FSM5_MM244_T1_5to1,,,C6_cPAM,7-339,CATTCGGA,5-388,GATGGAAA,,fuchs@neb.com
FSM5_MM244_T1_1to1,,,D6_cPAM,7-340,AATCGTCA,5-389,AGTTAAAG,,fuchs@neb.com
FSM5_MM243_T5_5to1,,,E6_cPAM,7-341,GCTGATTT,5-390,ATAGAGGC,,fuchs@neb.com
FSM5_MM243_T5_1to1,,,F6_cPAM,7-342,CGCGAAAG,5-391,AAAGGAGG,,fuchs@neb.com
FSM5_MM244_T5_5to1,,,G6_cPAM,7-343,TTGCCACT,5-392,GGGAACTG,,fuchs@neb.com
FSM5_MM244_T5_1to1,,,H6_cPAM,7-344,TTCGTGGA,5-393,ACAAGGTA,,fuchs@neb.com
Spy_T1_5to1,,,A7_cPAM,7-345,AGTCCCGG,5-297,GCAGAAGT,,fuchs@neb.com
Spy_T5_5to1,,,B7_cPAM,7-346,TCCTGGAC,5-298,CTGCTTAA,,fuchs@neb.com
FSM5_Sat2_Run3,,,B_A1,7-297,ACTTCTGC,5-345,CCGGGACT,,fuchs@neb.com
FSM5_Sat3_Run3,,,B_B1,7-298,TTAAGCAG,5-346,GTCCAGGA,,fuchs@neb.com
FSM5_Sat4_Run3,,,B_C1,7-299,ATCAAATC,5-347,TCATGTAG,,fuchs@neb.com
FSM5_Sat8_Run3,,,B_D1,7-300,TTTGAGTC,5-348,CTATCCGG,,fuchs@neb.com
FSM5_Sat9_Run3,,,B_E1,7-301,AAATCCTC,5-349,GGCGGGTT,,fuchs@neb.com
FSM5_Sat11_Run3,,,B_F1,7-302,TACAGATG,5-350,CACGTTCG,,fuchs@neb.com
FSM5_Sat101_Run3,,,B_G1,7-303,TAAGCGCA,5-351,TTCTACGG,,fuchs@neb.com
FSM5_Sat102_Run3,,,B_H1,7-304,CAACGGAA,5-352,AGTAGATG,,fuchs@neb.com
FSM5_Sat103_Run3,,,B_A2,7-305,AGCCTGGA,5-353,AGCAGACT,,fuchs@neb.com
FSM5_Sat104_Run3,,,B_B2,7-306,GAGGACAG,5-354,GATTCGGC,,fuchs@neb.com
FSM5_Sat105_Run3,,,B_C2,7-307,CTATCGAA,5-355,ATCATAGT,,fuchs@neb.com
FSM5_Sat106_Run3,,,B_D2,7-308,TCACTAAC,5-356,AGATAGGG,,fuchs@neb.com
FSM5_Sat107_Run3,,,B_E2,7-309,TCGATAAG,5-357,GGACAACG,,fuchs@neb.com
FSM5_Sat108_Run3,,,B_F2,7-310,CTTTATTC,5-358,CCGTTCCA,,fuchs@neb.com
FSM5_Sat109_Run3,,,B_G2,7-311,CTGCCTTC,5-359,CCGAAGGG,,fuchs@neb.com
FSM5_5locW_Run3,,,B_H2,7-312,ACAACCAA,5-360,TTTGGACA,,fuchs@neb.com
FSM5_5locR_Run3,,,B_A3,7-369,AGTTGGAT,5-321,TTAATGTC,,fuchs@neb.com
FSM5_5locE_Run3,,,B_B3,7-370,TAACACGC,5-322,ACGTACAT,,fuchs@neb.com
FSM5_5locV_Run3,,,B_C3,7-371,AGACTCAC,5-323,TTTGTCAT,,fuchs@neb.com
FSM5_5locF_Run3,,,B_D3,7-372,CAGAGTGT,5-324,GTAGGTGG,,fuchs@neb.com
68_12_WS3B,,,B_E3,7-373,ACATTACG,5-325,CAACAGCA,,fuchs@neb.com
68_22_WS3B,,,B_F3,7-374,ATTACTAC,5-326,CTGAAATG,,fuchs@neb.com
68_12_WS8TN,,,B_G3,7-375,TGGACCCT,5-327,TAGGGACG,,fuchs@neb.com
68_22_WS8TN,,,B_H3,7-376,CGCTTGCA,5-328,TAATCGTA,,fuchs@neb.com
68_12_WS8T,,,B_A4,7-377,GTTGCCTT,5-329,CGATCTTT,,fuchs@neb.com
68_12_WS8B,,,B_B4,7-378,CCAATGAA,5-330,TAGCTCAC,,fuchs@neb.com
68_22_WS8T,,,B_C4,7-379,ATCAGTTG,5-331,CCCGCGTT,,fuchs@neb.com
68_22_WS8B,,,B_D4,7-380,ACATACAC,5-332,AGCACAAG,,fuchs@neb.com
Spy_22_WS8T,,,B_E4,7-381,CTCCATAT,5-333,GGGTAAGC,,fuchs@neb.com
Spy_22_WS8B,,,B_F4,7-382,GCTTAAGT,5-334,TGTTTACT,,fuchs@neb.com
Spy_8TN,,,B_G4,7-383,ACACGTAT,5-335,TTACATCG,,fuchs@neb.com
Spy_8BN,,,B_H4,7-384,CAAGAAGT,5-336,CGACTAGG,,fuchs@neb.com
SpyT3,,,B_A5,7-386,TATCAGTA,5-337,TTACTACT,,fuchs@neb.com
SpyB3,,,B_B5,7-387,CGAGTCAG,5-338,CCTTAGTA,,fuchs@neb.com
Spy_22_WS3B,,,B_C5,7-388,TTTCCATC,5-339,TCCGAATG,,fuchs@neb.com
Spy_22_S3TN,,,B_D5,7-389,CTTTAACT,5-340,TGACGATT,,fuchs@neb.com
Spy_12_S8TN,,,B_E5,7-390,GCCTCTAT,5-341,AAATCAGC,,fuchs@neb.com
Spy_22_S8TN,,,B_F5,7-391,CCTCCTTT,5-342,CTTTCGCG,,fuchs@neb.com
Spy_12_S3TN,,,B_G5,7-392,CAGTTCCC,5-343,AGTGGCAA,,fuchs@neb.com
