[Header],,,,,,,
IEMFileVersion,4,,,,,,
Investigator Name,kpinet,,,,,,
Experiment Name,2021_04_08_Eruofins_Varskip_OneStep,,,,,,
Date,2021-04-12,,,,,,
Workflow,GenerateFASTQ,,,,,,
Library type,Illumina-DNA,,,,,,
Application,,,,,,,
Assay,,,,,,,
Description,,,,,,,
Chemistry,Amplicon,,,,,,
,,,,,,,
[Reads],,,,,,,
75,,,,,,,
75,,,,,,,
,,,,,,,
[Settings],,,,,,,
Pool ID,552,,,,,,,,
Max mismatches,default,,,,,,,,
Min mismatch delta,default,,,,,,,,
Max no calls,default,,,,,,,,
Read structure,default,,,,,,,,
[Data],,,,,,,
Sample_ID,Sample_Name,Sample_Plate,Sample_Well,I7_Index_ID,index,I5_Index_ID,index2,Sample_Project,Post-run,Downsample,Description,Avg_Insert_Size,Min_Insert_Size,Max_Insert_Size,Read_Count,Fold_Coverage,Reference_Genome,Read_Length,Read_Arrangement,5p_Trim_Length,UMI,input_amount_ng,Library_Group_Name,Library_Prep_Method,Shearing_Method,Product_Number,Lot_Number,Pre_Denaturation_Buffer,PCR_Cycles,PCR_Annealing_Deg,PCR_Extension_Deg,PCR_Annealing_Sec,PCR_Extension_Sec,PCR_Yield_Ng,PCR_Conc_nM,PCR_Volume_uL,old_new_lot,sap_number,cdna_yield_ng,fluidex_tray,replicate_number,assay_plate,insert_set,notes
2021_04_08_OneStep_ARTIC_FS_IDTPrimers_ATCC1986_E2_63annealing_A_A1,ATCC,,,S762,TTACCGAC,S512,CGTATTCG,2021_04_08_Eruofins_Varskip_OneStep,combine_link,None,kpinet@neb.com,250,,,2000000,,sars-cov-2,75,Paired-end,,,,2021_04_08_Eruofins_Varskip_OneStep,,,,,,,,,,,,,,,,,,,,,
2021_04_08_OneStep_ARTIC_FS_IDTPrimers_ATCC1986_E2_63annealing_A_B1,ATCC,,,S713,TCGTCTGA,S586,TCAAGGAC,2021_04_08_Eruofins_Varskip_OneStep,combine_link,None,kpinet@neb.com,250,,,2000000,,sars-cov-2,75,Paired-end,,,,2021_04_08_Eruofins_Varskip_OneStep,,,,,,,,,,,,,,,,,,,,,
2021_04_08_OneStep_ARTIC_FS_IDTPrimers_ATCC1986_E2_63annealing_A_C1,ATCC,,,S736,TTCCAGGT,S543,AAGCACTG,2021_04_08_Eruofins_Varskip_OneStep,combine_link,None,kpinet@neb.com,250,,,2000000,,sars-cov-2,75,Paired-end,,,,2021_04_08_Eruofins_Varskip_OneStep,,,,,,,,,,,,,,,,,,,,,
2021_04_08_OneStep_ARTIC_FS_IDTPrimers_ATCC1986_E2_63annealing_B_D1,ATCC,,,S709,TACGGTCT,S575,GCAATGGA,2021_04_08_Eruofins_Varskip_OneStep,combine_link,None,kpinet@neb.com,250,,,2000000,,sars-cov-2,75,Paired-end,,,,2021_04_08_Eruofins_Varskip_OneStep,,,,,,,,,,,,,,,,,,,,,
2021_04_08_OneStep_ARTIC_FS_IDTPrimers_ATCC1986_E2_63annealing_B_E1,ATCC,,,S732,AAGACCGT,S550,CAATCGAC,2021_04_08_Eruofins_Varskip_OneStep,combine_link,None,kpinet@neb.com,250,,,2000000,,sars-cov-2,75,Paired-end,,,,2021_04_08_Eruofins_Varskip_OneStep,,,,,,,,,,,,,,,,,,,,,
2021_04_08_OneStep_ARTIC_FS_IDTPrimers_ATCC1986_E2_63annealing_B_F1,ATCC,,,S774,CAGGTTCA,S506,GGCGTTAT,2021_04_08_Eruofins_Varskip_OneStep,combine_link,None,kpinet@neb.com,250,,,2000000,,sars-cov-2,75,Paired-end,,,,2021_04_08_Eruofins_Varskip_OneStep,,,,,,,,,,,,,,,,,,,,,
2021_04_08_OneStep_ARTIC_FS_IDTPrimers_ATCC1986_E3_63annealing_A_A2,ATCC,,,S729,AGTGACCT,S591,CTCCTAGA,2021_04_08_Eruofins_Varskip_OneStep,combine_link,None,kpinet@neb.com,250,,,2000000,,sars-cov-2,75,Paired-end,,,,2021_04_08_Eruofins_Varskip_OneStep,,,,,,,,,,,,,,,,,,,,,
2021_04_08_OneStep_ARTIC_FS_IDTPrimers_ATCC1986_E3_63annealing_A_B2,ATCC,,,S777,AGCCTATC,S526,GTTACGCA,2021_04_08_Eruofins_Varskip_OneStep,combine_link,None,kpinet@neb.com,250,,,2000000,,sars-cov-2,75,Paired-end,,,,2021_04_08_Eruofins_Varskip_OneStep,,,,,,,,,,,,,,,,,,,,,
2021_04_08_OneStep_ARTIC_FS_IDTPrimers_ATCC1986_E3_63annealing_A_C2,ATCC,,,S772,TCATCTCC,S567,CTAGCAAG,2021_04_08_Eruofins_Varskip_OneStep,combine_link,None,kpinet@neb.com,250,,,2000000,,sars-cov-2,75,Paired-end,,,,2021_04_08_Eruofins_Varskip_OneStep,,,,,,,,,,,,,,,,,,,,,
2021_04_08_OneStep_ARTIC_FS_IDTPrimers_ATCC1986_E3_63annealing_B_D2,ATCC,,,S725,CCAGTATC,S538,ATCTCGCT,2021_04_08_Eruofins_Varskip_OneStep,combine_link,None,kpinet@neb.com,250,,,2000000,,sars-cov-2,75,Paired-end,,,,2021_04_08_Eruofins_Varskip_OneStep,,,,,,,,,,,,,,,,,,,,,
2021_04_08_OneStep_ARTIC_FS_IDTPrimers_ATCC1986_E3_63annealing_B_E2,ATCC,,,S755,TTGCGAGA,S566,GTGCCATA,2021_04_08_Eruofins_Varskip_OneStep,combine_link,None,kpinet@neb.com,250,,,2000000,,sars-cov-2,75,Paired-end,,,,2021_04_08_Eruofins_Varskip_OneStep,,,,,,,,,,,,,,,,,,,,,
2021_04_08_OneStep_ARTIC_FS_IDTPrimers_ATCC1986_E3_63annealing_B_F2,ATCC,,,S760,GAACGAAG,S511,GGTGATTC,2021_04_08_Eruofins_Varskip_OneStep,combine_link,None,kpinet@neb.com,250,,,2000000,,sars-cov-2,75,Paired-end,,,,2021_04_08_Eruofins_Varskip_OneStep,,,,,,,,,,,,,,,,,,,,,
2021_04_08_TwoStep_ARTIC_FS_IDTPrimers_ATCC1986_E2_63annealing_A_A3,ATCC,,,S702,TCGGATTC,S523,TAGTTGCG,2021_04_08_Eruofins_Varskip_OneStep,combine_link,None,kpinet@neb.com,250,,,2000000,,sars-cov-2,75,Paired-end,,,,2021_04_08_Eruofins_Varskip_OneStep,,,,,,,,,,,,,,,,,,,,,
2021_04_08_TwoStep_ARTIC_FS_IDTPrimers_ATCC1986_E2_63annealing_A_B3,ATCC,,,S796,CTGTACCA,S507,AGTCTGTG,2021_04_08_Eruofins_Varskip_OneStep,combine_link,None,kpinet@neb.com,250,,,2000000,,sars-cov-2,75,Paired-end,,,,2021_04_08_Eruofins_Varskip_OneStep,,,,,,,,,,,,,,,,,,,,,
2021_04_08_TwoStep_ARTIC_FS_IDTPrimers_ATCC1986_E3_63annealing_A_C3,ATCC,,,S757,GAGAGTAC,S545,TGCTTCCA,2021_04_08_Eruofins_Varskip_OneStep,combine_link,None,kpinet@neb.com,250,,,2000000,,sars-cov-2,75,Paired-end,,,,2021_04_08_Eruofins_Varskip_OneStep,,,,,,,,,,,,,,,,,,,,,
2021_04_08_TwoStep_ARTIC_FS_IDTPrimers_ATCC1986_E3_63annealing_A_D3,ATCC,,,S783,TCTACGCA,S546,GGCTATTG,2021_04_08_Eruofins_Varskip_OneStep,combine_link,None,kpinet@neb.com,250,,,2000000,,sars-cov-2,75,Paired-end,,,,2021_04_08_Eruofins_Varskip_OneStep,,,,,,,,,,,,,,,,,,,,,
2021_04_08_TwoStep_ARTIC_FS_NEBPrimers_ATCC1986_E2_63annealing_A_E3,ATCC,,,S722,GCAATTCC,S578,TGTTCGAG,2021_04_08_Eruofins_Varskip_OneStep,combine_link,None,kpinet@neb.com,250,,,2000000,,sars-cov-2,75,Paired-end,,,,2021_04_08_Eruofins_Varskip_OneStep,,,,,,,,,,,,,,,,,,,,,
2021_04_08_TwoStep_ARTIC_FS_NEBPrimers_ATCC1986_E2_63annealing_A_F3,ATCC,,,S710,CTCAGAAG,S581,AACTTGCC,2021_04_08_Eruofins_Varskip_OneStep,combine_link,None,kpinet@neb.com,250,,,2000000,,sars-cov-2,75,Paired-end,,,,2021_04_08_Eruofins_Varskip_OneStep,,,,,,,,,,,,,,,,,,,,,
2021_04_08_TwoStep_ARTIC_FS_NEBPrimers_ATCC1986_E3_63annealing_A_G3,ATCC,,,S770,GTCCTAAG,S540,TGGTAGCT,2021_04_08_Eruofins_Varskip_OneStep,combine_link,None,kpinet@neb.com,250,,,2000000,,sars-cov-2,75,Paired-end,,,,2021_04_08_Eruofins_Varskip_OneStep,,,,,,,,,,,,,,,,,,,,,
2021_04_08_TwoStep_ARTIC_FS_NEBPrimers_ATCC1986_E3_63annealing_A_H3,ATCC,,,S734,GCGTTAGA,S592,GTATGCTG,2021_04_08_Eruofins_Varskip_OneStep,combine_link,None,kpinet@neb.com,250,,,2000000,,sars-cov-2,75,Paired-end,,,,2021_04_08_Eruofins_Varskip_OneStep,,,,,,,,,,,,,,,,,,,,,
2021_04_08_Varskip_FS_ATCC1986_E2_30minFrag_A4,ATCC,,,S763,CAAGGTAC,S505,GAGATACG,2021_04_08_Eruofins_Varskip_OneStep,combine_link,None,kpinet@neb.com,250,,,2000000,,sars-cov-2,75,Paired-end,,,,2021_04_08_Eruofins_Varskip_OneStep,,,,,,,,,,,,,,,,,,,,,
2021_04_08_Varskip_FS_ATCC1986_E2_30minFrag_B4,ATCC,,,S797,AGACCTTG,S501,GCACGTAA,2021_04_08_Eruofins_Varskip_OneStep,combine_link,None,kpinet@neb.com,250,,,2000000,,sars-cov-2,75,Paired-end,,,,2021_04_08_Eruofins_Varskip_OneStep,,,,,,,,,,,,,,,,,,,,,
2021_04_08_Varskip_FS_ATCC1986_E3_30minFrag_C4,ATCC,,,S735,GTCGTTAC,S554,GCTTAGCT,2021_04_08_Eruofins_Varskip_OneStep,combine_link,None,kpinet@neb.com,250,,,2000000,,sars-cov-2,75,Paired-end,,,,2021_04_08_Eruofins_Varskip_OneStep,,,,,,,,,,,,,,,,,,,,,
2021_04_08_Varskip_FS_ATCC1986_E3_30minFrag_D4,ATCC,,,S727,GTAACCGA,S598,GGTGTCTT,2021_04_08_Eruofins_Varskip_OneStep,combine_link,None,kpinet@neb.com,250,,,2000000,,sars-cov-2,75,Paired-end,,,,2021_04_08_Eruofins_Varskip_OneStep,,,,,,,,,,,,,,,,,,,,,
2021_04_08_VarskipLong_FS_ATCC1986_E2_30minFrag_E4,ATCC,,,S742,GAATCCGT,S551,TGGAGTTG,2021_04_08_Eruofins_Varskip_OneStep,combine_link,None,kpinet@neb.com,250,,,2000000,,sars-cov-2,75,Paired-end,,,,2021_04_08_Eruofins_Varskip_OneStep,,,,,,,,,,,,,,,,,,,,,
2021_04_08_VarskipLong_FS_ATCC1986_E2_30minFrag_F4,ATCC,,,S795,CATGAGCA,S517,GCAAGATC,2021_04_08_Eruofins_Varskip_OneStep,combine_link,None,kpinet@neb.com,250,,,2000000,,sars-cov-2,75,Paired-end,,,,2021_04_08_Eruofins_Varskip_OneStep,,,,,,,,,,,,,,,,,,,,,
2021_04_08_VarskipLong_FS_ATCC1986_E3_30minFrag_G4,ATCC,,,S749,CTTAGGAC,S565,CAGTGAAG,2021_04_08_Eruofins_Varskip_OneStep,combine_link,None,kpinet@neb.com,250,,,2000000,,sars-cov-2,75,Paired-end,,,,2021_04_08_Eruofins_Varskip_OneStep,,,,,,,,,,,,,,,,,,,,,
2021_04_08_VarskipLong_FS_ATCC1986_E3_30minFrag_H4,ATCC,,,S773,ATCTGACC,S593,AAGTCGAG,2021_04_08_Eruofins_Varskip_OneStep,combine_link,None,kpinet@neb.com,250,,,2000000,,sars-cov-2,75,Paired-end,,,,2021_04_08_Eruofins_Varskip_OneStep,,,,,,,,,,,,,,,,,,,,,
2021_04_05_Eurofins_FS_ATCC1991_E1__A11,ATCC,,,P7114,AAGGAAGG,P5105,ACTCCGGT,2021_04_08_Eruofins_Varskip_OneStep,combine_link,None,kpinet@neb.com,250,,,2000000,,sars-cov-2,75,Paired-end,,,,2021_04_08_Eruofins_Varskip_OneStep,,,,,,,,,,,,,,,,,,,,,
2021_04_05_Eurofins_FS_ATCC1991_E1__B11,ATCC,,,P7131,GCACACAA,P5118,TCGTCAAG,2021_04_08_Eruofins_Varskip_OneStep,combine_link,None,kpinet@neb.com,250,,,2000000,,sars-cov-2,75,Paired-end,,,,2021_04_08_Eruofins_Varskip_OneStep,,,,,,,,,,,,,,,,,,,,,
2021_04_05_Eurofins_FS_ATCC1991_E2__C11,ATCC,,,P7167,GTCAGTAT,P5187,AGGCTTCT,2021_04_08_Eruofins_Varskip_OneStep,combine_link,None,kpinet@neb.com,250,,,2000000,,sars-cov-2,75,Paired-end,,,,2021_04_08_Eruofins_Varskip_OneStep,,,,,,,,,,,,,,,,,,,,,
2021_04_05_Eurofins_FS_ATCC1991_E2__D11,ATCC,,,P7168,ATTCGAGC,P5188,CAACCTAG,2021_04_08_Eruofins_Varskip_OneStep,combine_link,None,kpinet@neb.com,250,,,2000000,,sars-cov-2,75,Paired-end,,,,2021_04_08_Eruofins_Varskip_OneStep,,,,,,,,,,,,,,,,,,,,,
2021_04_05_Eurofins_FS_ATCC1991_E3__E11,ATCC,,,P7171,CACCTGTA,P5190,CTGACACA,2021_04_08_Eruofins_Varskip_OneStep,combine_link,None,kpinet@neb.com,250,,,2000000,,sars-cov-2,75,Paired-end,,,,2021_04_08_Eruofins_Varskip_OneStep,,,,,,,,,,,,,,,,,,,,,
2021_04_05_Eurofins_FS_ATCC1991_E3__F11,ATCC,,,P7172,CCGACTCT,P5191,CTGGTTCT,2021_04_08_Eruofins_Varskip_OneStep,combine_link,None,kpinet@neb.com,250,,,2000000,,sars-cov-2,75,Paired-end,,,,2021_04_08_Eruofins_Varskip_OneStep,,,,,,,,,,,,,,,,,,,,,
2021_04_05_Eurofins_FS_ATCC1991_E4__G11,ATCC,,,P7173,TTGCTGGA,P5192,TGTCCAAT,2021_04_08_Eruofins_Varskip_OneStep,combine_link,None,kpinet@neb.com,250,,,2000000,,sars-cov-2,75,Paired-end,,,,2021_04_08_Eruofins_Varskip_OneStep,,,,,,,,,,,,,,,,,,,,,
2021_04_05_Eurofins_FS_ATCC1991_E4__H11,ATCC,,,P7175,CAGCTTCG,P5385,CAACGGGT,2021_04_08_Eruofins_Varskip_OneStep,combine_link,None,kpinet@neb.com,250,,,2000000,,sars-cov-2,75,Paired-end,,,,2021_04_08_Eruofins_Varskip_OneStep,,,,,,,,,,,,,,,,,,,,,
2021_04_05_NEB_FS_ATCC1991_E1__A12,ATCC,,,P7115,TCCCACGA,P5101,CTATTGAA,2021_04_08_Eruofins_Varskip_OneStep,combine_link,None,kpinet@neb.com,250,,,2000000,,sars-cov-2,75,Paired-end,,,,2021_04_08_Eruofins_Varskip_OneStep,,,,,,,,,,,,,,,,,,,,,
2021_04_05_NEB_FS_ATCC1991_E1__B12,ATCC,,,P7132,ACCAACAG,P5116,GAGCAAAC,2021_04_08_Eruofins_Varskip_OneStep,combine_link,None,kpinet@neb.com,250,,,2000000,,sars-cov-2,75,Paired-end,,,,2021_04_08_Eruofins_Varskip_OneStep,,,,,,,,,,,,,,,,,,,,,
2021_04_05_NEB_FS_ATCC1991_E2__C12,ATCC,,,P7178,CCTCGGGT,P5998,GTCGTGGC,2021_04_08_Eruofins_Varskip_OneStep,combine_link,None,kpinet@neb.com,250,,,2000000,,sars-cov-2,75,Paired-end,,,,2021_04_08_Eruofins_Varskip_OneStep,,,,,,,,,,,,,,,,,,,,,
2021_04_05_NEB_FS_ATCC1991_E2__D12,ATCC,,,P7179,TAGCACCT,P5099,GTTCCAGA,2021_04_08_Eruofins_Varskip_OneStep,combine_link,None,kpinet@neb.com,250,,,2000000,,sars-cov-2,75,Paired-end,,,,2021_04_08_Eruofins_Varskip_OneStep,,,,,,,,,,,,,,,,,,,,,
2021_04_05_NEB_FS_ATCC1991_E3__E12,ATCC,,,P7180,TGAGGACT,P5100,GTCTAGTG,2021_04_08_Eruofins_Varskip_OneStep,combine_link,None,kpinet@neb.com,250,,,2000000,,sars-cov-2,75,Paired-end,,,,2021_04_08_Eruofins_Varskip_OneStep,,,,,,,,,,,,,,,,,,,,,
2021_04_05_NEB_FS_ATCC1991_E3__F12,ATCC,,,P7183,TTCCCGAA,P5102,TAACGCAA,2021_04_08_Eruofins_Varskip_OneStep,combine_link,None,kpinet@neb.com,250,,,2000000,,sars-cov-2,75,Paired-end,,,,2021_04_08_Eruofins_Varskip_OneStep,,,,,,,,,,,,,,,,,,,,,
2021_04_05_NEB_FS_ATCC1991_E4__G12,ATCC,,,P7189,GAGTCGAT,P5103,TGCATAGG,2021_04_08_Eruofins_Varskip_OneStep,combine_link,None,kpinet@neb.com,250,,,2000000,,sars-cov-2,75,Paired-end,,,,2021_04_08_Eruofins_Varskip_OneStep,,,,,,,,,,,,,,,,,,,,,
2021_04_05_NEB_FS_ATCC1991_E4__H12,ATCC,,,P7997,TACCTGTG,P5104,CTCGGTTG,2021_04_08_Eruofins_Varskip_OneStep,combine_link,None,kpinet@neb.com,250,,,2000000,,sars-cov-2,75,Paired-end,,,,2021_04_08_Eruofins_Varskip_OneStep,,,,,,,,,,,,,,,,,,,,,