[Header],,,,,,,
IEMFileVersion,5,,,,,,
Investigator Name,Vishnu U. Sunitha Kumary,,,,,,
Experiment Name,HT1080,,,,,,
Date,10/5/21,,,,,,
Workflow,GenerateFASTQ,,,,,,
Application,FASTQ Only,,,,,,
Instrument Type,Miseq,,,,,,
Assay,TruSeq LT,,,,,,
Description,,,,,,,
Chemistry,Default,,,,,,
,,,,,,,
[Reads],,,,,,,
75,,,,,,,
75,,,,,,,
,,,,,,,
[Settings],,,,,,,
,,,,,,,
[Data],,,,,,,
Sample_ID,Sample_Name,Sample_Plate,Sample_Well,I7_Index_ID,index,Sample_Project,Description
20,,,,Index_20,GTGGCC,,vus@neb.com
26,,,,Index_26,ATGAGC,,vus@neb.com
28,,,,Index_28,CAAAAG,,vus@neb.com
32,,,,Index_32,CACTCA,,vus@neb.com
34,,,,Index_34,CATGGC,,vus@neb.com
35,,,,Index_35,CATTTT,,vus@neb.com
36,,,,Index_36,CCAACA,,vus@neb.com
42,,,,Index_42,TAATCG,,vus@neb.com
