AO,AP,AQ,AR,AS,AT
[Header],,,,,,,
IEMFileVersion,4,,,,,,
Investigator Name,ponnaluri,,,,,,
Experiment Name,2021_08_17_EM-seq_Low Input_PCR free experiment,,,,,,
Date,2021-08-17,,,,,,
Workflow,GenerateFASTQ,,,,,,
Library type,Illumina-DNA,,,,,,
Application,,,,,,,
Assay,,,,,,,
Description,,,,,,,
Chemistry,Amplicon,,,,,,
,,,,,,,
[Reads],,,,,,,
70,,,,,,,
70,,,,,,,
,,,,,,,
[Settings],,,,,,,
Pool ID,1206,,,,,,,,
Max mismatches,default,,,,,,,,
Min mismatch delta,default,,,,,,,,
Max no calls,default,,,,,,,,
Read structure,default,,,,,,,,
[Data],,,,,,,
Sample_ID,Sample_Name,Sample_Plate,Sample_Well,I7_Index_ID,index,I5_Index_ID,index2,Sample_Project,Post-run,Downsample,Description,Avg_Insert_Size,Min_Insert_Size,Max_Insert_Size,Read_Count,Fold_Coverage,Reference_Genome,Read_Length,Read_Arrangement,5p_Trim_Length,UMI,input_amount_ng,Library_Group_Name,Library_Prep_Method,Shearing_Method,Product_Number,Lot_Number,Pre_Denaturation_Buffer,PCR_Cycles,PCR_Annealing_Deg,PCR_Extension_Deg,PCR_Annealing_Sec,PCR_Extension_Sec,PCR_Yield_Ng,PCR_Conc_nM,PCR_Volume_uL,old_new_lot,sap_number,cdna_yield_ng,fluidex_tray,replicate_number,assay_plate,insert_set,notes
PE+TL-USER+PE-A1,NA12878,,A1,S762,TTACCGAC,S512,CGTATTCG,EM-seq,emseq-run,Fewest-reads,ponnaluri@neb.com,500,,,10000000,,grch38_core+bs_controls,70,Paired-end,,NNNNNNNNNNNN,,2021_08_17_EM-seq_Low Input_PCR free experiment,E7120,,,,,,,,,,,29.2,,,,,,,,,
PE+TL-USER+PE-B1,NA12878,,B1,S713,TCGTCTGA,S586,TCAAGGAC,EM-seq,emseq-run,Fewest-reads,ponnaluri@neb.com,500,,,10000000,,grch38_core+bs_controls,70,Paired-end,,NNNNNNNNNNNN,,2021_08_17_EM-seq_Low Input_PCR free experiment,E7120,,,,,,,,,,,19.8,,,,,,,,,
PE+ExoI+TL-USER+PE-C1,NA12878,,C1,S736,TTCCAGGT,S543,AAGCACTG,EM-seq,emseq-run,Fewest-reads,ponnaluri@neb.com,500,,,10000000,,grch38_core+bs_controls,70,Paired-end,,NNNNNNNNNNNN,,2021_08_17_EM-seq_Low Input_PCR free experiment,E7120,,,,,,,,,,,28.3,,,,,,,,,
PE+ExoI+TL-USER+PE-D1,NA12878,,D1,S709,TACGGTCT,S575,GCAATGGA,EM-seq,emseq-run,Fewest-reads,ponnaluri@neb.com,500,,,10000000,,grch38_core+bs_controls,70,Paired-end,,NNNNNNNNNNNN,,2021_08_17_EM-seq_Low Input_PCR free experiment,E7120,,,,,,,,,,,20.1,,,,,,,,,
PE+CU+ExoI-HT+PE-E1,NA12878,,E1,S732,AAGACCGT,S550,CAATCGAC,EM-seq,emseq-run,Fewest-reads,ponnaluri@neb.com,500,,,10000000,,grch38_core+bs_controls,70,Paired-end,,NNNNNNNNNNNN,,2021_08_17_EM-seq_Low Input_PCR free experiment,E7120,,,,,,,,,,,41,,,,,,,,,
PE+CU+ExoI-HT+PE-F1,NA12878,,F1,S774,CAGGTTCA,S506,GGCGTTAT,EM-seq,emseq-run,Fewest-reads,ponnaluri@neb.com,500,,,10000000,,grch38_core+bs_controls,70,Paired-end,,NNNNNNNNNNNN,,2021_08_17_EM-seq_Low Input_PCR free experiment,E7120,,,,,,,,,,,34.4,,,,,,,,,
PE+CU+TL-USER+HI+PE-G1,NA12878,,G1,S747,TAGGAGCT,S524,GTTAAGGC,EM-seq,emseq-run,Fewest-reads,ponnaluri@neb.com,500,,,10000000,,grch38_core+bs_controls,70,Paired-end,,NNNNNNNNNNNN,,2021_08_17_EM-seq_Low Input_PCR free experiment,E7120,,,,,,,,,,,27.5,,,,,,,,,
PE+CU+TL-USER+HI+PE-H1,NA12878,,H1,S794,TACTCCAG,S590,CCTATACC,EM-seq,emseq-run,Fewest-reads,ponnaluri@neb.com,500,,,10000000,,grch38_core+bs_controls,70,Paired-end,,NNNNNNNNNNNN,,2021_08_17_EM-seq_Low Input_PCR free experiment,E7120,,,,,,,,,,,33.5,,,,,,,,,
PE+ExoI+HI+PE-A2,NA12878,,A2,S729,AGTGACCT,S591,CTCCTAGA,EM-seq,emseq-run,Fewest-reads,ponnaluri@neb.com,500,,,10000000,,grch38_core+bs_controls,70,Paired-end,,NNNNNNNNNNNN,,2021_08_17_EM-seq_Low Input_PCR free experiment,E7120,,,,,,,,,,,33.5,,,,,,,,,
PE+ExoI+HI+PE-B2,NA12878,,B2,S777,AGCCTATC,S526,GTTACGCA,EM-seq,emseq-run,Fewest-reads,ponnaluri@neb.com,500,,,10000000,,grch38_core+bs_controls,70,Paired-end,,NNNNNNNNNNNN,,2021_08_17_EM-seq_Low Input_PCR free experiment,E7120,,,,,,,,,,,39.9,,,,,,,,,
PE+TL-USER+HI+PE-C2,NA12878,,C2,S772,TCATCTCC,S567,CTAGCAAG,EM-seq,emseq-run,Fewest-reads,ponnaluri@neb.com,500,,,10000000,,grch38_core+bs_controls,70,Paired-end,,NNNNNNNNNNNN,,2021_08_17_EM-seq_Low Input_PCR free experiment,E7120,,,,,,,,,,,36.1,,,,,,,,,
PE+TL-USER+HI+PE-D2,NA12878,,D2,S725,CCAGTATC,S538,ATCTCGCT,EM-seq,emseq-run,Fewest-reads,ponnaluri@neb.com,500,,,10000000,,grch38_core+bs_controls,70,Paired-end,,NNNNNNNNNNNN,,2021_08_17_EM-seq_Low Input_PCR free experiment,E7120,,,,,,,,,,,38.3,,,,,,,,,
Std-PE+TL-USER-E2,NA12878,,E2,S755,TTGCGAGA,S566,GTGCCATA,EM-seq,emseq-run,Fewest-reads,ponnaluri@neb.com,500,,,10000000,,grch38_core+bs_controls,70,Paired-end,,NNNNNNNNNNNN,,2021_08_17_EM-seq_Low Input_PCR free experiment,E7120,,,,,,,,,,,36.2,,,,,,,,,
Std-PE+TL-USER-F2,NA12878,,F2,S760,GAACGAAG,S511,GGTGATTC,EM-seq,emseq-run,Fewest-reads,ponnaluri@neb.com,500,,,10000000,,grch38_core+bs_controls,70,Paired-end,,NNNNNNNNNNNN,,2021_08_17_EM-seq_Low Input_PCR free experiment,E7120,,,,,,,,,,,36.1,,,,,,,,,
Std-PE-PCR-G2,NA12878,,G2,S716,CGAATTGC,S559,CACCTTAC,EM-seq,emseq-run,Fewest-reads,ponnaluri@neb.com,500,,,10000000,,grch38_core+bs_controls,70,Paired-end,,NNNNNNNNNNNN,,2021_08_17_EM-seq_Low Input_PCR free experiment,E7120,,,,,,,,,,,37.3,,,,,,,,,
Std-PE-PCR-H2,NA12878,,H2,S708,GGAAGAGA,S521,TTCTCTCG,EM-seq,emseq-run,Fewest-reads,ponnaluri@neb.com,500,,,10000000,,grch38_core+bs_controls,70,Paired-end,,NNNNNNNNNNNN,,2021_08_17_EM-seq_Low Input_PCR free experiment,E7120,,,,,,,,,,,45.1,,,,,,,,,
Std-PE-PCR_free-A3,NA12878,,A3,S702,GAATCCGA,S523,CGCAACTA,EM-seq,emseq-run,Fewest-reads,ponnaluri@neb.com,500,,,10000000,,grch38_core+bs_controls,70,Paired-end,,NNNNNNNNNNNN,,2021_08_17_EM-seq_Low Input_PCR free experiment,E7120,,,,,,,,,,,10.2,,,,,,,,,
Std-PE-PCR_free-B3,NA12878,,B3,S796,TGGTACAG,S507,CACAGACT,EM-seq,emseq-run,Fewest-reads,ponnaluri@neb.com,500,,,10000000,,grch38_core+bs_controls,70,Paired-end,,NNNNNNNNNNNN,,2021_08_17_EM-seq_Low Input_PCR free experiment,E7120,,,,,,,,,,,11.6,,,,,,,,,
Std-PE-PCR_free-C3,NA12878,,C3,S757,GTACTCTC,S545,TGGAAGCA,EM-seq,emseq-run,Fewest-reads,ponnaluri@neb.com,500,,,10000000,,grch38_core+bs_controls,70,Paired-end,,NNNNNNNNNNNN,,2021_08_17_EM-seq_Low Input_PCR free experiment,E7120,,,,,,,,,,,11.6,,,,,,,,,
Std-PE-PCR_free-D3,NA12878,,D3,S783,TGCGTAGA,S546,CAATAGCC,EM-seq,emseq-run,Fewest-reads,ponnaluri@neb.com,500,,,10000000,,grch38_core+bs_controls,70,Paired-end,,NNNNNNNNNNNN,,2021_08_17_EM-seq_Low Input_PCR free experiment,E7120,,,,,,,,,,,11.6,,,,,,,,,
Std-PE-PCR_free-E3,NA12878,,E3,S722,GGAATTGC,S578,CTCGAACA,EM-seq,emseq-run,Fewest-reads,ponnaluri@neb.com,500,,,10000000,,grch38_core+bs_controls,70,Paired-end,,NNNNNNNNNNNN,,2021_08_17_EM-seq_Low Input_PCR free experiment,E7120,,,,,,,,,,,11.2,,,,,,,,,
Std-PE-PCR_free-F3,NA12878,,F3,S710,CTTCTGAG,S581,GGCAAGTT,EM-seq,emseq-run,Fewest-reads,ponnaluri@neb.com,500,,,10000000,,grch38_core+bs_controls,70,Paired-end,,NNNNNNNNNNNN,,2021_08_17_EM-seq_Low Input_PCR free experiment,E7120,,,,,,,,,,,13.2,,,,,,,,,
Single_PE-PCR-G3,NA12878,,G3,S770,CTTAGGAC,S540,AGCTACCA,EM-seq,emseq-run,Fewest-reads,ponnaluri@neb.com,500,,,10000000,,grch38_core+bs_controls,70,Paired-end,,NNNNNNNNNNNN,,2021_08_17_EM-seq_Low Input_PCR free experiment,E7120,,,,,,,,,,,29.1,,,,,,,,,
Single_PE-PCR-H3,NA12878,,H3,S734,TCTAACGC,S592,CAGCATAC,EM-seq,emseq-run,Fewest-reads,ponnaluri@neb.com,500,,,10000000,,grch38_core+bs_controls,70,Paired-end,,NNNNNNNNNNNN,,2021_08_17_EM-seq_Low Input_PCR free experiment,E7120,,,,,,,,,,,23,,,,,,,,,
EM-seq-StdPCR-1,NA12878,,A1,P7126,CACTGTAG,P5134,AGTCGCTT,EM-seq,emseq-run,Fewest-reads,ponnaluri@neb.com,500,,,10000000,,grch38_core+bs_controls,70,Paired-end,,NNNNNNNNNNNN,,2021_08_17_EM-seq_Low Input_PCR free experiment,E7120,,,,,,,,,,,17.7,,,,,,,,,
EM-seq-StdPCR-2,NA12878,,B1,P7148,GTGCACGA,P5136,GCCTATCA,EM-seq,emseq-run,Fewest-reads,ponnaluri@neb.com,500,,,10000000,,grch38_core+bs_controls,70,Paired-end,,NNNNNNNNNNNN,,2021_08_17_EM-seq_Low Input_PCR free experiment,E7120,,,,,,,,,,,18.4,,,,,,,,,
Unconverted-Std_PE-PCR_free-A1,NA12878,,A1,S762,TTACCGAC,S550,CAATCGAC,EM-seq,emseq-run,Fewest-reads,ponnaluri@neb.com,500,,,23000000,,grch38_core+bs_controls,70,Paired-end,,NNNNNNNNNNNN,,2021_08_17_EM-seq_Low Input_PCR free experiment,E7120,,,,,,,,,,,18.7,,,,,,,,,
Unconverted-Std_PE-PCR_free-B1,NA12878,,B1,S713,TCGTCTGA,S506,GGCGTTAT,EM-seq,emseq-run,Fewest-reads,ponnaluri@neb.com,500,,,23000000,,grch38_core+bs_controls,70,Paired-end,,NNNNNNNNNNNN,,2021_08_17_EM-seq_Low Input_PCR free experiment,E7120,,,,,,,,,,,16.6,,,,,,,,,
Unconverted-Std_PE-PCR-1,NA12878,,C1,S736,TTCCAGGT,S524,GTTAAGGC,EM-seq,emseq-run,Fewest-reads,ponnaluri@neb.com,500,,,23000000,,grch38_core+bs_controls,70,Paired-end,,NNNNNNNNNNNN,,2021_08_17_EM-seq_Low Input_PCR free experiment,E7120,,,,,,,,,,,48.7,,,,,,,,,
Unconverted-Std_PE-PCR-2,NA12878,,D1,S709,TACGGTCT,S590,CCTATACC,EM-seq,emseq-run,Fewest-reads,ponnaluri@neb.com,500,,,23000000,,grch38_core+bs_controls,70,Paired-end,,NNNNNNNNNNNN,,2021_08_17_EM-seq_Low Input_PCR free experiment,E7120,,,,,,,,,,,50.8,,,,,,,,,
Unconverted-Std_PCR-1,NA12878,,C1,P7133,ATGTTCCT,P5107,GGCGCTGA,EM-seq,emseq-run,Fewest-reads,ponnaluri@neb.com,500,,,23000000,,grch38_core+bs_controls,70,Paired-end,,NNNNNNNNNNNN,,2021_08_17_EM-seq_Low Input_PCR free experiment,E7120,,,,,,,,,,,57.5,,,,,,,,,
Unconverted-Std_PCR-2,NA12878,,D1,P7141,CATTATGG,P5108,ATGTGACT,EM-seq,emseq-run,Fewest-reads,ponnaluri@neb.com,500,,,23000000,,grch38_core+bs_controls,70,Paired-end,,NNNNNNNNNNNN,,2021_08_17_EM-seq_Low Input_PCR free experiment,E7120,,,,,,,,,,,60.8,,,,,,,,,